Year,Value,Group,upper,lower,Scale,Stdev,Type
1,107561.123590669,FCD.juv,1,1,1,10756.1123590669,index
2,73490.8771097161,FCD.juv,1,1,1,7349.087710971609,index
3,89702.1992804051,FCD.juv,1,1,1,8970.21992804051,index
4,69653.91128360681,FCD.juv,1,1,1,6965.391128360681,index
5,103318.972989004,FCD.juv,1,1,1,10331.8972989004,index
6,109094.74857317912,FCD.juv,1,1,1,10909.474857317911,index
7,105491.5203182005,FCD.juv,1,1,1,10549.152031820053,index
8,97934.27413091713,FCD.juv,1,1,1,9793.427413091713,index
9,65682.8758584292,FCD.juv,1,1,1,6568.28758584292,index
10,84861.0608907093,FCD.juv,1,1,1,8486.10608907093,index
11,66449.5219877005,FCD.juv,1,1,1,6644.95219877005,index
12,54068.1584176975,FCD.juv,1,1,1,5406.815841769751,index
13,64956.9116412474,FCD.juv,1,1,1,6495.691164124741,index
14,64155.27380925431,FCD.juv,1,1,1,6415.527380925431,index
15,67106.5937892954,FCD.juv,1,1,1,6710.65937892954,index
16,84480.7770506569,FCD.juv,1,1,1,8448.07770506569,index
17,102387.9191475551,FCD.juv,1,1,1,10238.791914755511,index
18,83486.5193247109,FCD.juv,1,1,1,8348.65193247109,index
19,80819.8335629553,FCD.juv,1,1,1,8081.983356295531,index
20,79071.0252071066,FCD.juv,1,1,1,7907.102520710661,index
21,68130.9575976517,FCD.juv,1,1,1,6813.0957597651695,index
22,82489.85109348841,FCD.juv,1,1,1,8248.985109348841,index
23,82639.0436111384,FCD.juv,1,1,1,8263.90436111384,index
24,69770.3697796508,FCD.juv,1,1,1,6977.036977965081,index
25,78063.24550104451,FCD.juv,1,1,1,7806.324550104451,index
26,83977.0305987748,FCD.juv,1,1,1,8397.70305987748,index
27,80364.4348500788,FCD.juv,1,1,1,8036.443485007881,index
28,59017.7892724565,FCD.juv,1,1,1,5901.77892724565,index
1,679849,FCD.adult,710439.4,656083,1,67984.90000000001,index
2,797531,FCD.adult,834174.0999999999,768794.8,1,79753.1,index
3,739073,FCD.adult,772539.9,711478.15,1,73907.3,index
4,729258,FCD.adult,760863.8,703766,1,72925.8,index
5,590621,FCD.adult,614244.2,561759.8499999999,1,59062.100000000006,index
6,663695,FCD.adult,687424.6499999999,639411.6499999999,1,66369.5,index
7,713703,FCD.adult,740370.65,686735.65,1,71370.3,index
8,742223,FCD.adult,768975.25,715408.2000000001,1,74222.3,index
9,811977,FCD.adult,843816.8499999999,784238.25,1,81197.70000000001,index
10,728900,FCD.adult,757758.65,701377.4,1,72890,index
11,691882,FCD.adult,719856.25,664854.3999999999,1,69188.2,index
12,668181,FCD.adult,697545.3499999999,645522,1,66818.1,index
13,672217,FCD.adult,703088.55,646924.5,1,67221.7,index
14,745824,FCD.adult,777094.4,718568.65,1,74582.40000000001,index
15,794567,FCD.adult,830516.7,766578.95,1,79456.70000000001,index
16,840655,FCD.adult,879496.8999999999,812967.4500000001,1,84065.5,index
17,961248,FCD.adult,1009097,928882.05,1,96124.8,index
18,1084670,FCD.adult,1139151.5,1050239.5,1,108467,index
19,1091120,FCD.adult,1147447,1049452,1,109112,index
20,1173130,FCD.adult,1230411,1131975.5,1,117313,index
21,1227700,FCD.adult,1290359,1181754.5,1,122770,index
22,1155880,FCD.adult,1219394,1105473.5,1,115588,index
23,1203980,FCD.adult,1275262.5,1154026.5,1,120398,index
24,1152390,FCD.adult,1219361.5,1113167,1,115239,index
25,1045480,FCD.adult,1104251.5,1002996,1,104548,index
26,1102950,FCD.adult,1162317,1053696,1,110295,index
27,1090690,FCD.adult,1156494.5,1034925.5,1,109069,index
28,1136840,FCD.adult,1206671,1076878,1,113684,index
1,9654.3232785,FHA.juv,1,1,1,965.43232785,index
2,17061.7290101,FHA.juv,1,1,1,1706.17290101,index
3,5824.45512355,FHA.juv,1,1,1,582.445512355,index
4,14830.6550632,FHA.juv,1,1,1,1483.0655063200002,index
5,26509.36597,FHA.juv,1,1,1,2650.936597,index
6,36915.5249218,FHA.juv,1,1,1,3691.5524921800006,index
7,38211.41245676001,FHA.juv,1,1,1,3821.141245676001,index
8,17929.1875853,FHA.juv,1,1,1,1792.91875853,index
9,42149.3978584,FHA.juv,1,1,1,4214.93978584,index
10,62610.3654096,FHA.juv,1,1,1,6261.036540960001,index
11,12967.874664440002,FHA.juv,1,1,1,1296.7874664440003,index
12,9148.42097358,FHA.juv,1,1,1,914.8420973580002,index
13,10991.8125785,FHA.juv,1,1,1,1099.18125785,index
14,17370.20182385,FHA.juv,1,1,1,1737.020182385,index
15,7971.20564252,FHA.juv,1,1,1,797.120564252,index
16,7270.90089903,FHA.juv,1,1,1,727.090089903,index
17,6408.003119249999,FHA.juv,1,1,1,640.800311925,index
18,9911.81310504,FHA.juv,1,1,1,991.181310504,index
19,7577.6270524,FHA.juv,1,1,1,757.7627052400001,index
20,10182.427339,FHA.juv,1,1,1,1018.2427339,index
21,21120.57291178,FHA.juv,1,1,1,2112.057291178,index
22,13108.94747967,FHA.juv,1,1,1,1310.894747967,index
23,13298.1286852,FHA.juv,1,1,1,1329.8128685200002,index
24,18219.29759386,FHA.juv,1,1,1,1821.929759386,index
25,10208.2703155,FHA.juv,1,1,1,1020.82703155,index
26,32249.8932294,FHA.juv,1,1,1,3224.98932294,index
27,28813.6980338,FHA.juv,1,1,1,2881.36980338,index
28,19463.43947456,FHA.juv,1,1,1,1946.343947456,index
1,77291,FHA.adult,84063,72402,1,7729.1,index
2,67212,FHA.adult,72002,63433,1,6721.200000000001,index
3,56834,FHA.adult,61032,53538,1,5683.4000000000005,index
4,58644,FHA.adult,62933,55646,1,5864.4000000000005,index
5,64664,FHA.adult,69011,60807,1,6466.4000000000005,index
6,64972,FHA.adult,69175,61681,1,6497.200000000001,index
7,96064,FHA.adult,101514,91274,1,9606.4,index
8,131526,FHA.adult,139341,124332,1,13152.6,index
9,202476,FHA.adult,214395,191813,1,20247.6,index
10,194992,FHA.adult,207437,184104,1,19499.2,index
11,157728,FHA.adult,168473,148542,1,15772.8,index
12,152312,FHA.adult,161648,144506,1,15231.2,index
13,170176,FHA.adult,181886,160018,1,17017.600000000002,index
14,151116,FHA.adult,160787,142092,1,15111.6,index
15,115601,FHA.adult,122976,108401,1,11560.1,index
16,105730,FHA.adult,111788,100836,1,10573,index
17,116355,FHA.adult,122781,110396,1,11635.5,index
18,120012,FHA.adult,126806,114822,1,12001.2,index
19,112821,FHA.adult,119226,107848,1,11282.1,index
20,122291,FHA.adult,129153,116809,1,12229.1,index
21,114223,FHA.adult,121621,108417,1,11422.3,index
22,102733,FHA.adult,109937,96769,1,10273.3,index
23,129110,FHA.adult,136952,123004,1,12911,index
24,137361,FHA.adult,144875,130047,1,13736.1,index
25,141367,FHA.adult,150053,132827,1,14136.7,index
26,158417,FHA.adult,168981,148871,1,15841.7,index
27,152683,FHA.adult,164815,141239,1,15268.3,index
28,188211,FHA.adult,206372,172100,1,18821.1,index
1,29701.2217,FSA.juv,1,1,1,2970.122170000001,index
2,19472.1592,FSA.juv,1,1,1,1947.21592,index
3,24168.37668,FSA.juv,1,1,1,2416.837668,index
4,39609.9384,FSA.juv,1,1,1,3960.99384,index
5,54318.043300000005,FSA.juv,1,1,1,5431.804330000001,index
6,76157.2381,FSA.juv,1,1,1,7615.72381,index
7,70248.0349,FSA.juv,1,1,1,7024.80349,index
8,57835.9454,FSA.juv,1,1,1,5783.594540000001,index
9,50575.6464,FSA.juv,1,1,1,5057.5646400000005,index
10,66250.1438,FSA.juv,1,1,1,6625.0143800000005,index
11,35648.6391,FSA.juv,1,1,1,3564.86391,index
12,22994.802,FSA.juv,1,1,1,2299.4801999999995,index
13,33253.005,FSA.juv,1,1,1,3325.3005,index
14,41124.6059,FSA.juv,1,1,1,4112.460590000001,index
15,44781.3327,FSA.juv,1,1,1,4478.13327,index
16,41961.865,FSA.juv,1,1,1,4196.1865,index
17,42295.4411,FSA.juv,1,1,1,4229.544110000001,index
18,30683.069,FSA.juv,1,1,1,3068.3069,index
19,44373.6186,FSA.juv,1,1,1,4437.36186,index
20,63393.8037,FSA.juv,1,1,1,6339.380370000001,index
21,35832.5282,FSA.juv,1,1,1,3583.25282,index
22,35689.0311,FSA.juv,1,1,1,3568.90311,index
23,22854.3572,FSA.juv,1,1,1,2285.4357200000004,index
24,36480.8654,FSA.juv,1,1,1,3648.08654,index
25,59924.4399,FSA.juv,1,1,1,5992.44399,index
26,51095.4783,FSA.juv,1,1,1,5109.54783,index
27,62269.8836,FSA.juv,1,1,1,6226.98836,index
28,45442.7206,FSA.juv,1,1,1,4544.27206,index
1,151203,FSA.adult,160903,136919,1,15120.3,index
2,159171,FSA.adult,169242,143041,1,15917.1,index
3,157667,FSA.adult,168021,140522,1,15766.7,index
4,136382,FSA.adult,146130,120609,1,13638.2,index
5,148416,FSA.adult,159086,130443,1,14841.6,index
6,170133,FSA.adult,182467,149903,1,17013.3,index
7,230133,FSA.adult,244761,203966,1,23013.300000000003,index
8,293439,FSA.adult,310461,262515,1,29343.9,index
9,335449,FSA.adult,355909,303667,1,33544.9,index
10,301545,FSA.adult,320088,270335,1,30154.5,index
11,326880,FSA.adult,345567,292514,1,32688,index
12,297445,FSA.adult,315278,261585,1,29744.5,index
13,265881,FSA.adult,284827,230790,1,26588.1,index
14,238524,FSA.adult,257380,203785,1,23852.4,index
15,234822,FSA.adult,253835,199263,1,23482.2,index
16,234947,FSA.adult,255897,200864,1,23494.7,index
17,236035,FSA.adult,258863,202290,1,23603.5,index
18,236938,FSA.adult,258401,202893,1,23693.800000000003,index
19,228083,FSA.adult,250894,193583,1,22808.300000000003,index
20,222997,FSA.adult,246172,188634,1,22299.7,index
21,270215,FSA.adult,299280,232997,1,27021.5,index
22,289125,FSA.adult,322433,248441,1,28912.5,index
23,310974,FSA.adult,349208,267896,1,31097.4,index
24,282170,FSA.adult,323788,235818,1,28217,index
25,256402,FSA.adult,300741,207703,1,25640.2,index
26,267802,FSA.adult,318241,214392,1,26780.2,index
27,265565,FSA.adult,326383,204201,1,26556.5,index
28,303254,FSA.adult,385497,223491,1,30325.4,index
1,35104.64,FGH,42498.560000000005,29377.09,1,3510.464,index
2,33228.020000000004,FGH,41348.59,26450.88,1,3322.8020000000006,index
3,32040.18,FGH,40653.04,24754.84,1,3204.018,index
4,34536.15,FGH,43617.61,26495.14,1,3453.615,index
5,38522.75,FGH,47962.170000000006,29731.52,1,3852.275,index
6,41449.29,FGH,51027.83,32361.78,1,4144.929,index
7,39382.9,FGH,48984.630000000005,31218.02,1,3938.29,index
8,37209.55,FGH,46466.79,29785.88,1,3720.955,index
9,33437.29,FGH,41883.44,26761.79,1,3343.7290000000003,index
10,27799.85,FGH,34847.72,21941.36,1,2779.985,index
11,23420.2,FGH,29063.33,18144.23,1,2342.02,index
12,20998.84,FGH,25897.15,16099.82,1,2099.884,index
13,21469.32,FGH,26208.9,16477.56,1,2146.932,index
14,21793.61,FGH,26640.55,16556.81,1,2179.3610000000003,index
15,19587.16,FGH,24653.56,14213.41,1,1958.716,index
16,18602.06,FGH,23637.75,13530.71,1,1860.206,index
17,20065.67,FGH,24941.77,15156.28,1,2006.567,index
18,22045.72,FGH,26968.94,17154.46,1,2204.572,index
19,24088.52,FGH,28982.5,19283.07,1,2408.8520000000003,index
20,26623.04,FGH,31510.72,21717.19,1,2662.304,index
21,30201.25,FGH,35069.08,24878.36,1,3020.125,index
22,31113.72,FGH,35182.530000000006,25768.18,1,3111.3720000000003,index
23,32187.27,FGH,35496.4,26691.55,1,3218.7270000000003,index
24,30894,FGH,34117.920000000006,25591.13,1,3089.4,index
25,28102.41,FGH,31572.89,22633.38,1,2810.241,index
26,26648.17,FGH,30851.82,21212.22,1,2664.817,index
27,25568.85,FGH,30778.3,19471.34,1,2556.885,index
28,25203.84,FGH,31704.32,18607.35,1,2520.384,index
1,321091.7,FRF,380542.271732,270604.128268,1,32109.17,index
2,314865.8,FRF,374880.724192,264507.875808,1,31486.58,index
3,318731.4,FRF,381560.90136,267008.89864,1,31873.140000000003,index
4,320712.9,FRF,385265.804056,269191.995944,1,32071.290000000005,index
5,312372.3,FRF,376391.602172,263099.997828,1,31237.23,index
6,311499,FRF,377325.86316,262442.13684,1,31149.9,index
7,314038.3,FRF,380213.119144,266385.480856,1,31403.83,index
8,326418.1,FRF,396127.66694,277457.53306,1,32641.81,index
9,332710.7,FRF,404449.90796,283976.49204,1,33271.07,index
10,342129.3,FRF,416860.705264,292368.894736,1,34212.93,index
11,355762.8,FRF,435557.789576,302502.810424,1,35576.28,index
12,366910.7,FRF,448458.032776,313694.367224,1,36691.07,index
13,384006.5,FRF,471585.6815,326569.3185,1,38400.65,index
14,386006.6,FRF,476703.539256,327659.660744,1,38600.66,index
15,397273.6,FRF,493108.511008,336273.688992,1,39727.36,index
16,418723.6,FRF,519316.710456,355029.489544,1,41872.36,index
17,454066.7,FRF,565106.039272,381531.360728,1,45406.670000000006,index
18,483525.9,FRF,596845.584068,410036.215932,1,48352.59,index
19,499184.3,FRF,616876.578196,421329.021804,1,49918.43,index
20,525689.9,FRF,654733.414616,436399.385384,1,52568.990000000005,index
21,551590.4,FRF,682391.936128,459539.863872,1,55159.04000000001,index
22,558863.4,FRF,704095.8108,451210.9892,1,55886.34,index
23,543090.5,FRF,680541.50658,441611.49342,1,54309.05,index
24,522633.7,FRF,657487.141172,421657.258828,1,52263.37,index
25,486194.2,FRF,607347.603744,397493.796256,1,48619.420000000006,index
26,490400.8,FRF,625490.843456,386535.756544,1,49040.08,index
27,472123.9,FRF,601439.288468,372738.511532,1,47212.39000000001,index
28,462656.7,FRF,585236.996688,369561.403312,1,46265.670000000006,index
-10,37921.5,FFF,46409.02912,29433.97088,1,3792.15,index
-9,57880.4,FFF,80462.91043999999,35297.88956,1,5788.040000000001,index
-8,43167,FFF,54352.98362,31981.01638,1,4316.7,index
-7,41355.2,FFF,55757.703948,26952.696052,1,4135.52,index
-6,36600.4,FFF,48425.556672,24775.243328000004,1,3660.04,index
-5,37733.5,FFF,49165.601016,26301.398984,1,3773.35,index
-4,38383.2,FFF,47769.705072,28996.694928,1,3838.32,index
-3,36250.9,FFF,44308.252044,28193.547956,1,3625.09,index
-2,35522.3,FFF,43142.5497,27902.0503,1,3552.2300000000005,index
-1,40390.5,FFF,49545.387168,31235.612832000003,1,4039.05,index
0,35618.8,FFF,43452.995068,27784.604932,1,3561.880000000001,index
1,52380.3,FFF,65359.100416,39449.499584,1,5238.030000000001,index
2,52983.2,FFF,65112.53334,40884.86666,1,5298.32,index
3,48717.8,FFF,58714.1031,38742.496900000006,1,4871.780000000001,index
4,52478.9,FFF,61899.268388,43077.531612,1,5247.89,index
5,43226.6,FFF,51762.172328,34707.027672000004,1,4322.66,index
6,47640.5,FFF,59418.14002,35878.85998,1,4764.05,index
7,53120.2,FFF,66138.369768,40121.030232,1,5312.02,index
8,66535.5,FFF,88556.17399600001,44540.826004,1,6653.55,index
9,50306.6,FFF,62347.483268,38298.716732,1,5030.66,index
10,42279.2,FFF,49573.094664,35029.305336,1,4227.92,index
11,44268.5,FFF,53576.2868,35012.7132,1,4426.85,index
12,44628.5,FFF,54118.081272,35204.918728,1,4462.85,index
13,40485.9,FFF,46681.806112,34360.993888000005,1,4048.59,index
14,44462.3,FFF,53092.907064000006,35916.692936,1,4446.2300000000005,index
15,43336.6,FFF,52162.065472,34605.134528,1,4333.66,index
16,39129.3,FFF,45922.395004,32441.204996,1,3912.93,index
17,42541.6,FFF,50712.637276,34486.562724,1,4254.16,index
18,45053.1,FFF,52730.591692,37497.608308,1,4505.31,index
19,44263.7,FFF,54818.589556,33844.810443999995,1,4426.37,index
20,45739.9,FFF,56511.18118,35127.61882,1,4573.990000000001,index
21,46066.9,FFF,54777.370812,37540.429188,1,4606.6900000000005,index
22,48634.6,FFF,57561.632036,39933.567964,1,4863.46,index
23,43691.9,FFF,52374.68154,35270.118460000005,1,4369.1900000000005,index
24,40461.8,FFF,47715.789508,33523.810492000004,1,4046.18,index
25,40258,FFF,48105.90786,32802.09214,1,4025.8,index
26,48497.3,FFF,60519.558016,36951.041984,1,4849.7300000000005,index
27,43861.2,FFF,53598.099228,34754.300772,1,4386.12,index
28,47657.5,FFF,59036.769004,37105.230996,1,4765.75,index
29,25540.6,FFF,32201.8413,18879.3587,1,2554.06,index
1,334077.2641556144,FHE,381956.1737032284,292200.0640639386,1,33407.72641556145,index
2,291413.03155845404,FHE,333570.22674715816,254583.7372543981,1,29141.30315584541,index
3,333150.6731387647,FHE,381636.859410557,290824.558152576,1,33315.06731387647,index
4,332741.1264677462,FHE,380026.4032588158,291339.3814050901,1,33274.11264677462,index
5,360046.7653936352,FHE,411431.8201194917,315079.3568488942,1,36004.67653936352,index
6,318254.04882185586,FHE,363917.27856416814,278320.5018215284,1,31825.404882185587,index
7,325372.98437598685,FHE,373822.8974913921,283202.4995584279,1,32537.298437598685,index
8,422751.8937700378,FHE,500051.21377581713,357401.7195892192,1,42275.189377003786,index
9,532734.4812306006,FHE,634742.6954157968,447119.8007345733,1,53273.44812306007,index
10,556640.3087124638,FHE,658008.4207348278,470888.2493289147,1,55664.03087124639,index
11,650692.3541369545,FHE,762282.3754376322,555437.923498119,1,65069.23541369545,index
12,593524.8613089456,FHE,689020.3382099946,511264.6774795788,1,59352.48613089456,index
13,580663.069452568,FHE,679672.1678921584,496076.8090176903,1,58066.3069452568,index
14,502246.57971101353,FHE,598471.5206250487,421493.1172797624,1,50224.65797110136,index
15,487572.366307966,FHE,573789.3950804446,414310.223272461,1,48757.2366307966,index
16,490470.3517360612,FHE,569043.6704530605,422746.4049298114,1,49047.03517360613,index
17,508573.1071191927,FHE,585084.3447730923,442067.2123523973,1,50857.31071191927,index
18,435405.066864463,FHE,508712.4410948853,372661.5607104593,1,43540.5066864463,index
19,475290.6770914075,FHE,556614.665399068,405848.5012572341,1,47529.06770914075,index
20,400095.031433585,FHE,472761.2023704939,338598.0773701326,1,40009.50314335851,index
21,367005.8306385594,FHE,435456.5949001886,309315.0529815081,1,36700.58306385594,index
22,351549.817605791,FHE,419869.6362929256,294346.7771326127,1,35154.981760579096,index
23,347645.5454091863,FHE,414648.5727470913,291469.5315171526,1,34764.55454091863,index
24,312479.3185265063,FHE,373039.1892882828,261750.8490008311,1,31247.931852650632,index
25,322300.34480398905,FHE,383074.4972801504,271167.9138086878,1,32230.034480398903,index
26,384672.35552584415,FHE,459789.441335745,321827.3579226224,1,38467.23555258442,index
27,402029.3266575863,FHE,494637.3321392561,326759.7671888803,1,40202.93266575864,index
28,446152.9993874313,FHE,575720.3520612594,345745.1141856126,1,44615.299938743134,index
1,379737.007,FCA,964475.6492,2000,1,37973.7007,index
2,425677.1502,FCA,1055455.985,5120.285569,1,42567.71502,index
3,272050.6778999999,FCA,670243.2784999999,8260.224846,1,27205.06778999999,index
4,230200.2339,FCA,652121.6203999999,2000,1,23020.02339,index
5,119930.3048,FCA,501311.6183999999,2000,1,11993.03048,index
6,233210.7805999999,FCA,627606.3636999999,2000,1,23321.078059999996,index
7,242451.7526999999,FCA,917815.4102,2000,1,24245.175269999992,index
8,10000,FCA,27439.97865,2000,1,1000,index
9,109731.5649,FCA,519951.3802,2000,1,10973.15649,index
10,225699.6573,FCA,1008013.381,2000,1,22569.96573,index
11,15679.2487,FCA,132559.6851,2000,1,1567.92487,index
12,216776.7349,FCA,506017.2207,34404.32274,1,21677.67349,index
13,65201.7254,FCA,168126.6244999999,2000,1,6520.1725400000005,index
14,261119.8226,FCA,390827.0562,174606.01320000002,1,26111.982260000004,index
15,261343.7109999999,FCA,457909.59550000005,131654.0988,1,26134.37109999999,index
16,204124.60609999992,FCA,438939.0118,44716.94174,1,20412.460609999995,index
17,257289.7623,FCA,550284.3632,16553.2451,1,25728.97623,index
18,301419.46660000004,FCA,582677.4951,73678.77408,1,30141.946660000005,index
19,289990.9536999999,FCA,483571.9048,144555.7953,1,28999.095369999992,index
20,341529.3164,FCA,711353.4005,100577.76869999991,1,34152.93164,index
21,335780.05109999987,FCA,514682.0216999999,190229.4972,1,33578.00510999999,index
22,355742.5519999999,FCA,597799.9589999999,151628.5034999999,1,35574.25519999999,index
23,384254.3771,FCA,646569.8658,182850.2491,1,38425.43771,index
24,166352.7928,FCA,232029.7026,112277.7538999999,1,16635.27928,index
25,142412.0437999999,FCA,204497.45429999992,91584.66151,1,14241.20437999999,index
26,373657.97120000003,FCA,594343.9842999999,171327.51479999992,1,37365.79712,index
27,509668.1997,FCA,800102.5789999999,266829.4679,1,50966.81997,index
28,356030.65270000004,FCA,595261.4118,158919.8553999999,1,35603.06527000001,index
1,24676.968578004147,FOC,32832.94108560213,16778.296364036374,1,2467.696857800415,index
2,19839.40826578225,FOC,24477.385475696068,15456.993614091352,1,1983.9408265782256,index
3,18697.571554302893,FOC,21598.629350932784,16074.84646951424,1,1869.7571554302892,index
4,20416.171936783827,FOC,23926.96898478905,17227.711093597478,1,2041.6171936783828,index
5,21430.266541669436,FOC,26355.49847466519,16810.4028890479,1,2143.0266541669434,index
6,20433.2853100181,FOC,23563.90926158908,17564.16686319729,1,2043.32853100181,index
7,26274.304585048358,FOC,32258.81445193737,20531.992088898634,1,2627.430458504836,index
8,36500.07996606611,FOC,46279.83485535233,26987.81384130189,1,3650.007996606611,index
9,43487.96557003656,FOC,55533.66675242034,31733.23136603249,1,4348.796557003656,index
10,46513.30346760091,FOC,58537.57305731294,34807.814102008044,1,4651.330346760092,index
11,44296.24604426779,FOC,54460.82927614043,34483.52505841631,1,4429.624604426779,index
12,47793.82367512916,FOC,57567.662630603336,38395.86318841862,1,4779.382367512916,index
13,50783.52900213865,FOC,60088.81591526548,41852.32274160199,1,5078.352900213866,index
14,51688.11134745106,FOC,63306.18265033708,40447.67559817321,1,5168.811134745106,index
15,43635.50221289199,FOC,49318.665805690136,38323.06479288977,1,4363.550221289199,index
16,46004.03135730174,FOC,66254.527171247,26095.116687514124,1,4600.403135730175,index
17,44817.136195375664,FOC,51836.976823320736,38202.38819423348,1,4481.713619537567,index
18,42163.10045265843,FOC,47753.336288681225,36978.25808687742,1,4216.310045265843,index
19,47273.06767206982,FOC,53540.995300398376,41490.34524106272,1,4727.306767206982,index
20,44602.26323724279,FOC,50986.28749320608,38776.75943214272,1,4460.22632372428,index
21,49396.00997423054,FOC,57893.59252716097,41576.46753415645,1,4939.600997423055,index
22,47060.010679154206,FOC,56596.04102948861,38232.19232814493,1,4706.001067915421,index
23,50743.8733624095,FOC,60530.914032811495,41694.69882534431,1,5074.38733624095,index
24,50986.74169792108,FOC,68801.59717462012,33873.31920105343,1,5098.674169792109,index
25,43697.91703545521,FOC,52942.92651735895,35305.3129364117,1,4369.791703545521,index
26,47918.22615909242,FOC,60723.2283087797,36079.547662543,1,4791.822615909242,index
27,56227.13786291566,FOC,73261.13344098079,40602.71561124431,1,5622.713786291566,index
28,61250.01965519012,FOC,80758.59743474862,43717.74152771177,1,6125.001965519012,index
1,54024.27216062829,FDC,72853.95862280403,43579.58569845255,1,5402.42721606283,index
2,55477.90148120543,FDC,73737.07180249566,45576.7311599152,1,5547.790148120544,index
3,55084.8346630476,FDC,73362.36090551195,45153.30842058326,1,5508.48346630476,index
4,56130.79203839401,FDC,74259.92333737855,46352.66073940946,1,5613.079203839401,index
5,51132.05703176873,FDC,68620.21934502285,41998.89471851461,1,5113.205703176874,index
6,51692.60358531388,FDC,69433.32162960537,43160.885541022384,1,5169.260358531388,index
7,56768.6181705199,FDC,75399.14819856122,48669.08814247857,1,5676.86181705199,index
8,55398.61151701501,FDC,73315.88525538251,47319.33777864751,1,5539.8611517015015,index
9,74914.9981241861,FDC,91462.27130244103,59819.724945931135,1,7491.4998124186095,index
10,86015.147299741,FDC,105380.70649703416,73313.58810244786,1,8601.5147299741,index
11,91782.5508818583,FDC,118237.96062993412,78267.14113378247,1,9178.255088185831,index
12,98718.87733174066,FDC,123257.76981812093,86310.9848453604,1,9871.887733174066,index
13,96797.16758874588,FDC,125938.51391969807,85371.82125779366,1,9679.716758874589,index
14,90559.71837152824,FDC,125540.62556565864,77668.81117739787,1,9055.971837152823,index
15,91032.44378974685,FDC,127563.1882236662,79020.69935582748,1,9103.244378974685,index
16,76612.38997956514,FDC,112254.11917241442,64806.66078671588,1,7661.238997956514,index
17,71782.55378498169,FDC,108321.78284302245,58823.32472694095,1,7178.255378498169,index
18,71300.46828428494,FDC,109015.90589666608,58188.0306719038,1,7130.046828428494,index
19,72920.24665150877,FDC,114785.51400556252,58960.97929745505,1,7292.024665150878,index
20,80253.37421497096,FDC,130487.38777342396,64693.36065651795,1,8025.337421497096,index
21,86340.3159014549,FDC,137903.0020394158,71264.62976349401,1,8634.03159014549,index
22,89451.53757998561,FDC,142497.68491127793,74304.3902486933,1,8945.153757998562,index
23,94491.86195162524,FDC,153431.26538632822,78074.4585169223,1,9449.186195162523,index
24,101683.71258952444,FDC,164483.6560541684,82749.7691248805,1,10168.371258952446,index
25,115102.5182029538,FDC,173862.10861704586,96706.92778886178,1,11510.251820295382,index
26,124889.4190683603,FDC,185235.7721445761,104786.0659921445,1,12488.94190683603,index
27,130455.59885510324,FDC,196932.1780261948,106120.01968401171,1,13045.559885510324,index
28,137734.03081912294,FDC,217175.19185860243,109919.8697796434,1,13773.403081912296,index
1,70643.45,WMW,101274,49279,1,1,index
6,92984.71,WMW,145803,59298,1,1,index
12,61786.77,WMW,107453,25275,1,1,index
20,31957.59,WMW,48190,17797,1,1,index
1,2093,PIN,1,1,1,1,index
2,2749.5,PIN,1,1,1,1,index
3,3406,PIN,1,1,1,1,index
4,3255.2,PIN,1,1,1,1,index
5,3104.4,PIN,1,1,1,1,index
6,2953.6,PIN,1,1,1,1,index
7,2802.8,PIN,1,1,1,1,index
8,2865.333333333333,PIN,1,1,1,1,index
9,3037.666666666667,PIN,1,1,1,1,index
10,3210,PIN,1,1,1,1,index
11,3347.6666666666665,PIN,1,1,1,1,index
12,3419.333333333333,PIN,1,1,1,1,index
13,3491,PIN,1,1,1,1,index
14,3269,PIN,1,1,1,1,index
15,3047,PIN,1,1,1,1,index
16,2825,PIN,1,1,1,1,index
17,2563.4,PIN,1,1,1,1,index
18,2687,PIN,1,1,1,1,index
19,2810.6,PIN,1,1,1,1,index
20,2934.2,PIN,1,1,1,1,index
21,3057.8,PIN,1,1,1,1,index
22,3297.5,PIN,1,1,1,1,index
23,3361,PIN,1,1,1,1,index
24,3394,PIN,1,1,1,1,index
25,3427,PIN,1,1,1,1,index
26,3427,PIN,1,1,1,1,index
27,3427,PIN,1,1,1,1,index
28,3427,PIN,1,1,1,1,index
1,1.436358608,SSR,1.6589883319999998,1.243604919,1,1,Index
2,1.376513558,SSR,1.581479672,1.198111875,1,1,Index
3,1.32638901,SSR,1.519468714,1.1578440479999998,1,1,Index
4,1.289578968,SSR,1.475055528,1.127424619,1,1,Index
5,1.267936653,SSR,1.448582502,1.109818291,1,1,Index
6,1.250871168,SSR,1.42785393,1.095825452,1,1,Index
7,1.222878932,SSR,1.39623211,1.071048912,1,1,Index
8,1.149133555,SSR,1.319729026,1.000590198,1,1,Index
9,1.100853779,SSR,1.272794109,0.952140676,1,1,Index
10,1.091738626,SSR,1.264943194,0.942250397,1,1,Index
11,1.1112840469999998,SSR,1.285967394,0.960329351,1,1,Index
12,1.140742248,SSR,1.319005317,0.986571364,1,1,Index
13,1.172100873,SSR,1.35599145,1.013148318,1,1,Index
14,1.191657526,SSR,1.380649769,1.028535761,1,1,Index
15,1.19220631,SSR,1.3832815180000002,1.02752467,1,1,Index
16,1.179775348,SSR,1.370775606,1.015388562,1,1,Index
17,1.141764519,SSR,1.328704425,0.9811258189999998,1,1,Index
18,1.063893378,SSR,1.24390707,0.90993061,1,1,Index
19,0.998136724,SSR,1.1784017139999998,0.845447616,1,1,Index
20,0.940049022,SSR,1.125560055,0.7851132949999999,1,1,Index
21,0.900589874,SSR,1.094027468,0.74135444,1,1,Index
22,0.8720012689999999,SSR,1.075628722,0.7069225630000001,1,1,Index
23,0.892546201,SSR,1.1051340710000002,0.720852557,1,1,Index
24,0.916503538,SSR,1.139559237,0.7371084439999999,1,1,Index
25,0.91204548,SSR,1.14566024,0.726067754,1,1,Index
26,0.919792665,SSR,1.16486732,0.726278892,1,1,Index
27,0.932013018,SSR,1.190508751,0.7296445879999999,1,1,Index
28,0.985340005,SSR,1.262418476,0.7690753449999999,1,1,Index
